group,x,filter,noise,psnr,ssim,epi
kernel_gauss,3,均值滤波,gaussian,30.855,0.744,0.916
kernel_gauss,3,高斯滤波,gaussian,30.375,0.704,0.922
kernel_gauss,3,中值滤波,gaussian,29.315,0.654,0.907
kernel_gauss,5,均值滤波,gaussian,29.903,0.84,0.767
kernel_gauss,5,高斯滤波,gaussian,31.484,0.809,0.905
kernel_gauss,5,中值滤波,gaussian,30.254,0.795,0.854
kernel_gauss,7,均值滤波,gaussian,27.471,0.822,0.602
kernel_gauss,7,高斯滤波,gaussian,30.725,0.862,0.841
kernel_gauss,7,中值滤波,gaussian,28.632,0.817,0.769
kernel_gauss,9,均值滤波,gaussian,25.693,0.786,0.515
kernel_gauss,9,高斯滤波,gaussian,29.645,0.867,0.786
kernel_gauss,9,中值滤波,gaussian,26.915,0.803,0.698
kernel_gauss,11,均值滤波,gaussian,24.466,0.757,0.467
kernel_gauss,11,高斯滤波,gaussian,28.565,0.86,0.729
kernel_gauss,11,中值滤波,gaussian,25.666,0.786,0.643
kernel_gauss,13,均值滤波,gaussian,23.58,0.736,0.44
kernel_gauss,13,高斯滤波,gaussian,27.549,0.846,0.677
kernel_gauss,13,中值滤波,gaussian,24.763,0.773,0.599
kernel_gauss,15,均值滤波,gaussian,22.902,0.722,0.427
kernel_gauss,15,高斯滤波,gaussian,26.765,0.831,0.638
kernel_gauss,15,中值滤波,gaussian,24.073,0.763,0.566
sigma_gauss,0.3,高斯滤波,gaussian,22.541,0.306,0.849
sigma_gauss,0.5,高斯滤波,gaussian,26.197,0.463,0.893
sigma_gauss,0.8,高斯滤波,gaussian,30.642,0.724,0.921
sigma_gauss,1.0,高斯滤波,gaussian,31.409,0.8,0.909
sigma_gauss,1.5,高斯滤波,gaussian,30.393,0.865,0.828
sigma_gauss,2.0,高斯滤波,gaussian,28.565,0.86,0.729
sigma_gauss,3.0,高斯滤波,gaussian,26.47,0.821,0.604
sigma_gauss,4.0,高斯滤波,gaussian,25.571,0.795,0.545
sigma_color,5,双边滤波,gaussian,22.745,0.314,0.853
sigma_color,10,双边滤波,gaussian,23.784,0.357,0.87
sigma_color,25,双边滤波,gaussian,28.155,0.608,0.912
sigma_color,50,双边滤波,gaussian,30.808,0.826,0.916
sigma_color,75,双边滤波,gaussian,30.265,0.853,0.886
sigma_color,100,双边滤波,gaussian,29.482,0.851,0.841
sigma_color,150,双边滤波,gaussian,28.591,0.841,0.76
sigma_color,200,双边滤波,gaussian,28.202,0.836,0.71
kernel_sp,3,中值滤波,salt_pepper,39.537,0.986,0.975
kernel_sp,3,均值滤波,salt_pepper,26.86,0.611,0.867
kernel_sp,3,高斯滤波,salt_pepper,26.137,0.581,0.858
kernel_sp,5,中值滤波,salt_pepper,33.172,0.944,0.881
kernel_sp,5,均值滤波,salt_pepper,27.957,0.744,0.748
kernel_sp,5,高斯滤波,salt_pepper,27.931,0.685,0.867
kernel_sp,7,中值滤波,salt_pepper,29.76,0.895,0.778
kernel_sp,7,均值滤波,salt_pepper,26.589,0.767,0.594
kernel_sp,7,高斯滤波,salt_pepper,28.45,0.769,0.821
kernel_sp,9,中值滤波,salt_pepper,27.427,0.853,0.702
kernel_sp,9,均值滤波,salt_pepper,25.186,0.754,0.509
kernel_sp,9,高斯滤波,salt_pepper,28.067,0.799,0.773
kernel_sp,11,中值滤波,salt_pepper,25.939,0.822,0.643
kernel_sp,11,均值滤波,salt_pepper,24.116,0.735,0.463
kernel_sp,11,高斯滤波,salt_pepper,27.44,0.81,0.72
