group,setting,epoch,train_loss,train_acc,test_loss,test_acc
baseline,基线,1,1.6597,0.3892,1.2961,0.5344
baseline,基线,2,1.3548,0.5118,1.1127,0.5974
baseline,基线,3,1.2258,0.5625,0.9789,0.6538
baseline,基线,4,1.1332,0.5983,0.9193,0.675
baseline,基线,5,1.0716,0.6205,0.8687,0.6959
baseline,基线,6,1.0266,0.6398,0.8384,0.7082
baseline,基线,7,0.9914,0.6496,0.8223,0.7113
baseline,基线,8,0.9654,0.6603,0.8113,0.7107
baseline,基线,9,0.9381,0.6707,0.7819,0.7265
baseline,基线,10,0.9133,0.6816,0.752,0.7366
baseline,基线,11,0.8997,0.6824,0.7496,0.7461
baseline,基线,12,0.8899,0.6891,0.7269,0.7455
baseline,基线,13,0.8705,0.6972,0.7108,0.7516
baseline,基线,14,0.8636,0.7004,0.7139,0.7526
baseline,基线,15,0.8543,0.7028,0.6842,0.7631
baseline,基线,16,0.8394,0.7071,0.6893,0.7613
baseline,基线,17,0.8308,0.7085,0.6969,0.7582
baseline,基线,18,0.8245,0.7143,0.67,0.7691
baseline,基线,19,0.8115,0.7169,0.6879,0.7628
baseline,基线,20,0.7988,0.7211,0.6636,0.7693
